"","TwoStage","Joint"
"1",0.167332588195801,7.32388303995132
